<keymap version="1" name="Mac OS X copy" parent="Mac OS X">
  <action id=":cursive.actions.paredit/barf-backwards" />
  <action id=":cursive.actions.paredit/barf-forwards">
    <keyboard-shortcut first-keystroke="meta alt b" />
  </action>
  <action id=":cursive.actions.paredit/slurp-backwards" />
  <action id=":cursive.actions.paredit/slurp-forwards">
    <keyboard-shortcut first-keystroke="meta alt f" />
  </action>
  <action id=":cursive.repl.actions/sync-files">
    <keyboard-shortcut first-keystroke="ctrl meta r" />
  </action>
  <action id=":cursive.testing.actions/rerun-last-test">
    <keyboard-shortcut first-keystroke="ctrl meta t" />
  </action>
  <action id=":cursive.testing.actions/run-single-test">
    <keyboard-shortcut first-keystroke="meta t" />
  </action>
  <action id="CloseAllEditorsButActive">
    <keyboard-shortcut first-keystroke="shift meta w" />
  </action>
  <action id="CloseContent">
    <keyboard-shortcut first-keystroke="meta w" />
  </action>
  <action id="EditorCloneCaretAbove">
    <keyboard-shortcut first-keystroke="shift ctrl up" />
  </action>
  <action id="EditorCloneCaretBelow">
    <keyboard-shortcut first-keystroke="shift ctrl down" />
  </action>
  <action id="EditorSelectWord">
    <keyboard-shortcut first-keystroke="meta e" />
  </action>
  <action id="EditorUnSelectWord">
    <keyboard-shortcut first-keystroke="shift meta e" />
  </action>
  <action id="Git.ResolveConflicts">
    <keyboard-shortcut first-keystroke="ctrl r" />
  </action>
  <action id="GotoImplementation">
    <mouse-shortcut keystroke="meta alt button1" />
  </action>
  <action id="IntroduceField" />
  <action id="IntroduceProperty" />
  <action id="MethodHierarchy" />
  <action id="NextTab" />
  <action id="PasteMultiple" />
  <action id="RecentChangedFiles" />
  <action id="RecentFiles" />
  <action id="RerunTests" />
  <action id="SplitHorizontally">
    <keyboard-shortcut first-keystroke="shift meta h" />
  </action>
  <action id="SplitVertically">
    <keyboard-shortcut first-keystroke="shift meta v" />
  </action>
  <action id="SurroundWithLiveTemplate" />
  <action id="Unsplit">
    <keyboard-shortcut first-keystroke="shift meta r" />
  </action>
  <action id="Vcs.ShowMessageHistory">
    <keyboard-shortcut first-keystroke="ctrl m" />
  </action>
  <action id="Vcs.UpdateProject" />
  <action id="osmedile.intellij.stringmanip.PopupChoiceAction">
    <keyboard-shortcut first-keystroke="alt m" />
  </action>
</keymap>