<application>
  <component name="libraryTable">
    <library name="Python 3.6 (app-scoring) interpreter library">
      <CLASSES>
        <root url="file://$USER_HOME$/dev/app-scoring/.venv/lib/python3.6" />
        <root url="file://$USER_HOME$/dev/app-scoring/.venv/lib/python3.6/lib-dynload" />
        <root url="file:///usr/local/Cellar/python/3.6.5/Frameworks/Python.framework/Versions/3.6/lib/python3.6" />
        <root url="file://$USER_HOME$/dev/app-scoring/.venv/lib/python3.6/site-packages" />
        <root url="file://$USER_HOME$/Library/Caches/IntelliJIdea2018.1/python_stubs/1367368039" />
        <root url="file://$APPLICATION_PLUGINS_DIR$/python/helpers/python-skeletons" />
        <root url="file://$APPLICATION_PLUGINS_DIR$/python/helpers/typeshed/stdlib/3.6" />
        <root url="file://$APPLICATION_PLUGINS_DIR$/python/helpers/typeshed/stdlib/3.5" />
        <root url="file://$APPLICATION_PLUGINS_DIR$/python/helpers/typeshed/stdlib/3.4" />
        <root url="file://$APPLICATION_PLUGINS_DIR$/python/helpers/typeshed/stdlib/3.3" />
        <root url="file://$APPLICATION_PLUGINS_DIR$/python/helpers/typeshed/stdlib/3" />
        <root url="file://$APPLICATION_PLUGINS_DIR$/python/helpers/typeshed/stdlib/2and3" />
        <root url="file://$APPLICATION_PLUGINS_DIR$/python/helpers/typeshed/third_party/3" />
        <root url="file://$APPLICATION_PLUGINS_DIR$/python/helpers/typeshed/third_party/2and3" />
      </CLASSES>
      <JAVADOC />
      <SOURCES>
        <root url="file://$USER_HOME$/dev/app-scoring/.venv/lib/python3.6" />
        <root url="file://$USER_HOME$/dev/app-scoring/.venv/lib/python3.6/lib-dynload" />
        <root url="file:///usr/local/Cellar/python/3.6.5/Frameworks/Python.framework/Versions/3.6/lib/python3.6" />
        <root url="file://$USER_HOME$/dev/app-scoring/.venv/lib/python3.6/site-packages" />
        <root url="file://$USER_HOME$/Library/Caches/IntelliJIdea2018.1/python_stubs/1367368039" />
        <root url="file://$APPLICATION_PLUGINS_DIR$/python/helpers/python-skeletons" />
        <root url="file://$APPLICATION_PLUGINS_DIR$/python/helpers/typeshed/stdlib/3.6" />
        <root url="file://$APPLICATION_PLUGINS_DIR$/python/helpers/typeshed/stdlib/3.5" />
        <root url="file://$APPLICATION_PLUGINS_DIR$/python/helpers/typeshed/stdlib/3.4" />
        <root url="file://$APPLICATION_PLUGINS_DIR$/python/helpers/typeshed/stdlib/3.3" />
        <root url="file://$APPLICATION_PLUGINS_DIR$/python/helpers/typeshed/stdlib/3" />
        <root url="file://$APPLICATION_PLUGINS_DIR$/python/helpers/typeshed/stdlib/2and3" />
        <root url="file://$APPLICATION_PLUGINS_DIR$/python/helpers/typeshed/third_party/3" />
        <root url="file://$APPLICATION_PLUGINS_DIR$/python/helpers/typeshed/third_party/2and3" />
      </SOURCES>
    </library>
    <library name="Python 3.6 (client-position-spike) interpreter library">
      <CLASSES>
        <root url="file://$USER_HOME$/dev/client-position-spike/.venv/lib/python3.6" />
        <root url="file://$USER_HOME$/dev/client-position-spike/.venv/lib/python3.6/lib-dynload" />
        <root url="file://$USER_HOME$/dev/client-position-spike/.venv/lib/python3.6/site-packages" />
        <root url="file:///usr/local/Cellar/python/3.6.5/Frameworks/Python.framework/Versions/3.6/lib/python3.6" />
      </CLASSES>
      <JAVADOC />
      <SOURCES>
        <root url="file://$USER_HOME$/dev/client-position-spike/.venv/lib/python3.6" />
        <root url="file://$USER_HOME$/dev/client-position-spike/.venv/lib/python3.6/lib-dynload" />
        <root url="file://$USER_HOME$/dev/client-position-spike/.venv/lib/python3.6/site-packages" />
        <root url="file:///usr/local/Cellar/python/3.6.5/Frameworks/Python.framework/Versions/3.6/lib/python3.6" />
      </SOURCES>
    </library>
    <library name="Python 3.6 (lib-py-core) interpreter library">
      <CLASSES>
        <root url="file://$USER_HOME$/dev/lib-py-core/bin/.venv/lib/python3.6" />
        <root url="file://$USER_HOME$/dev/lib-py-core/bin/.venv/lib/python3.6/lib-dynload" />
        <root url="file:///usr/local/Cellar/python/3.6.5/Frameworks/Python.framework/Versions/3.6/lib/python3.6" />
        <root url="file://$USER_HOME$/dev/lib-py-core/bin/.venv/lib/python3.6/site-packages" />
        <root url="file://$USER_HOME$/Library/Caches/IntelliJIdea2018.1/python_stubs/-292924041" />
        <root url="file://$APPLICATION_PLUGINS_DIR$/python/helpers/python-skeletons" />
        <root url="file://$APPLICATION_PLUGINS_DIR$/python/helpers/typeshed/stdlib/3.6" />
        <root url="file://$APPLICATION_PLUGINS_DIR$/python/helpers/typeshed/stdlib/3.5" />
        <root url="file://$APPLICATION_PLUGINS_DIR$/python/helpers/typeshed/stdlib/3.4" />
        <root url="file://$APPLICATION_PLUGINS_DIR$/python/helpers/typeshed/stdlib/3.3" />
        <root url="file://$APPLICATION_PLUGINS_DIR$/python/helpers/typeshed/stdlib/3" />
        <root url="file://$APPLICATION_PLUGINS_DIR$/python/helpers/typeshed/stdlib/2and3" />
        <root url="file://$APPLICATION_PLUGINS_DIR$/python/helpers/typeshed/third_party/3" />
        <root url="file://$APPLICATION_PLUGINS_DIR$/python/helpers/typeshed/third_party/2and3" />
      </CLASSES>
      <JAVADOC />
      <SOURCES>
        <root url="file://$USER_HOME$/dev/lib-py-core/bin/.venv/lib/python3.6" />
        <root url="file://$USER_HOME$/dev/lib-py-core/bin/.venv/lib/python3.6/lib-dynload" />
        <root url="file:///usr/local/Cellar/python/3.6.5/Frameworks/Python.framework/Versions/3.6/lib/python3.6" />
        <root url="file://$USER_HOME$/dev/lib-py-core/bin/.venv/lib/python3.6/site-packages" />
        <root url="file://$USER_HOME$/Library/Caches/IntelliJIdea2018.1/python_stubs/-292924041" />
        <root url="file://$APPLICATION_PLUGINS_DIR$/python/helpers/python-skeletons" />
        <root url="file://$APPLICATION_PLUGINS_DIR$/python/helpers/typeshed/stdlib/3.6" />
        <root url="file://$APPLICATION_PLUGINS_DIR$/python/helpers/typeshed/stdlib/3.5" />
        <root url="file://$APPLICATION_PLUGINS_DIR$/python/helpers/typeshed/stdlib/3.4" />
        <root url="file://$APPLICATION_PLUGINS_DIR$/python/helpers/typeshed/stdlib/3.3" />
        <root url="file://$APPLICATION_PLUGINS_DIR$/python/helpers/typeshed/stdlib/3" />
        <root url="file://$APPLICATION_PLUGINS_DIR$/python/helpers/typeshed/stdlib/2and3" />
        <root url="file://$APPLICATION_PLUGINS_DIR$/python/helpers/typeshed/third_party/3" />
        <root url="file://$APPLICATION_PLUGINS_DIR$/python/helpers/typeshed/third_party/2and3" />
      </SOURCES>
    </library>
    <library name="Python 3.6 (previse-app) interpreter library">
      <CLASSES>
        <root url="file://$USER_HOME$/dev/previse-app/.venv/lib/python3.6" />
        <root url="file://$USER_HOME$/dev/previse-app/.venv/lib/python3.6/lib-dynload" />
        <root url="file:///usr/local/Cellar/python/3.6.5/Frameworks/Python.framework/Versions/3.6/lib/python3.6" />
        <root url="file://$USER_HOME$/dev/previse-app/.venv/lib/python3.6/site-packages" />
        <root url="file://$USER_HOME$/dev/previse-app/.venv/src/invoke" />
        <root url="file://$USER_HOME$/Library/Caches/IntelliJIdea2018.1/python_stubs/-372317842" />
        <root url="file://$APPLICATION_PLUGINS_DIR$/python/helpers/python-skeletons" />
        <root url="file://$APPLICATION_PLUGINS_DIR$/python/helpers/typeshed/stdlib/3.6" />
        <root url="file://$APPLICATION_PLUGINS_DIR$/python/helpers/typeshed/stdlib/3.5" />
        <root url="file://$APPLICATION_PLUGINS_DIR$/python/helpers/typeshed/stdlib/3.4" />
        <root url="file://$APPLICATION_PLUGINS_DIR$/python/helpers/typeshed/stdlib/3.3" />
        <root url="file://$APPLICATION_PLUGINS_DIR$/python/helpers/typeshed/stdlib/3" />
        <root url="file://$APPLICATION_PLUGINS_DIR$/python/helpers/typeshed/stdlib/2and3" />
        <root url="file://$APPLICATION_PLUGINS_DIR$/python/helpers/typeshed/third_party/3" />
        <root url="file://$APPLICATION_PLUGINS_DIR$/python/helpers/typeshed/third_party/2and3" />
      </CLASSES>
      <JAVADOC />
      <SOURCES>
        <root url="file://$USER_HOME$/dev/previse-app/.venv/lib/python3.6" />
        <root url="file://$USER_HOME$/dev/previse-app/.venv/lib/python3.6/lib-dynload" />
        <root url="file:///usr/local/Cellar/python/3.6.5/Frameworks/Python.framework/Versions/3.6/lib/python3.6" />
        <root url="file://$USER_HOME$/dev/previse-app/.venv/lib/python3.6/site-packages" />
        <root url="file://$USER_HOME$/dev/previse-app/.venv/src/invoke" />
        <root url="file://$USER_HOME$/Library/Caches/IntelliJIdea2018.1/python_stubs/-372317842" />
        <root url="file://$APPLICATION_PLUGINS_DIR$/python/helpers/python-skeletons" />
        <root url="file://$APPLICATION_PLUGINS_DIR$/python/helpers/typeshed/stdlib/3.6" />
        <root url="file://$APPLICATION_PLUGINS_DIR$/python/helpers/typeshed/stdlib/3.5" />
        <root url="file://$APPLICATION_PLUGINS_DIR$/python/helpers/typeshed/stdlib/3.4" />
        <root url="file://$APPLICATION_PLUGINS_DIR$/python/helpers/typeshed/stdlib/3.3" />
        <root url="file://$APPLICATION_PLUGINS_DIR$/python/helpers/typeshed/stdlib/3" />
        <root url="file://$APPLICATION_PLUGINS_DIR$/python/helpers/typeshed/stdlib/2and3" />
        <root url="file://$APPLICATION_PLUGINS_DIR$/python/helpers/typeshed/third_party/3" />
        <root url="file://$APPLICATION_PLUGINS_DIR$/python/helpers/typeshed/third_party/2and3" />
      </SOURCES>
    </library>
  </component>
</application>