<application>
  <component name="FileTypeManager" version="17">
    <extensionMap>
      <mapping ext="klib" type="ARCHIVE" />
      <mapping pattern="activate" type="Bash" />
      <mapping ext="tpe" type="DBN-PSQL" />
      <mapping ext="tps" type="DBN-PSQL" />
      <mapping ext="trg" type="DBN-PSQL" />
      <mapping ext="pks" type="DBN-PSQL" />
      <mapping ext="prc" type="DBN-PSQL" />
      <mapping ext="fnc" type="DBN-PSQL" />
      <mapping ext="tpb" type="DBN-PSQL" />
      <mapping ext="pkg" type="DBN-PSQL" />
      <mapping ext="pkb" type="DBN-PSQL" />
      <mapping ext="vw" type="DBN-SQL" />
      <mapping pattern="001" type="JSON" />
      <mapping pattern="*.0__make-supplier-optional-on-payment-order.sql" type="PLAIN_TEXT" />
      <mapping pattern="local_orchestration_client" type="Python" />
    </extensionMap>
  </component>
</application>