<application>
  <component name="NodeJsLocalInterpreters">
    <local-interpreter path="/usr/local/bin/node" />
    <local-interpreter path="/usr/local/Cellar/node/10.4.0/bin/node" />
  </component>
  <component name="PropertiesComponent">
    <property name="#xdebugger.evaluate.splitter" value="0.51303154" />
    <property name="AWSCloudFormation.LAST_UPDATE" value="1540203030944" />
    <property name="AWSCloudFormation.LAST_VERSION" value="0.5.66" />
    <property name="CommitChangeListDialog.DETAILS_SPLITTER_PROPORTION_2" value="0.62666667" />
    <property name="Copy.OpenInEditor" value="true" />
    <property name="DBE.Default.Dialect" value="MySQL" />
    <property name="Default.savedEditorTheme" value="_@user_Default" />
    <property name="ExpandBeforeRunStepsPanel" value="true" />
    <property name="ExpandRunDashboardTypesPanel" value="false" />
    <property name="INSPECTION_FILTER_HISTORY" value="expressions&#10;docstring" />
    <property name="INTENTION_FILTER_HISTORY" value="python" />
    <property name="KEYMAP" value="clone&#10;cursor&#10;selection&#10;re-run last&#10;extend sel" />
    <property name="MemberChooser.copyJavadoc" value="false" />
    <property name="MemberChooser.showClasses" value="true" />
    <property name="PLUGIN_FILTER" value="database&#10;cursive&#10;teamcity&#10;string mani&#10;string" />
    <property name="PluginConfigurable.selectionTab" value="1" />
    <property name="SearchEveryWhereHistory" value="elect&#10;_i&#10;§&#10;P&#10;An" />
    <property name="SettingsSearchHistory" value="ram&#10;memory&#10;cursive&#10;spaces&#10;actions" />
    <property name="SplitFileEditor.Proportion" value="0.6687898" />
    <property name="SqlStructureView.filterD.file.structure.state" value="true" />
    <property name="TrendingPluginsSearchHistory" value="cursive" />
    <property name="XDebuggerExpressionEditor_Use_Soft_Wraps" value="true" />
    <property name="android-component-compatibility-check" value="1549616884008" />
    <property name="com.intellij.openapi.roots.ui.configuration.TabbedModuleEditor.selectedEditor" value="Clojure" />
    <property name="create.project.preferred.importer" value="Leiningen" />
    <property name="cursive.eap.updates.asked" value="true" />
    <property name="cursive.evaluation.days.warned" value="25" />
    <property name="cursive.evaluation.timestamp" value="1531926029344" />
    <property name="cursive.repl.ClojureConsole.splitter" value="0.7169014" />
    <property name="cursive.structural.hint.shown" value="true" />
    <property name="decompiler.legal.notice.accepted" value="true" />
    <property name="defaultJdkConfigured" value="true" />
    <property name="disable.forced.soft.wraps.notification" value="true" />
    <property name="evlsprt.181" value="1648a1e64fe" />
    <property name="evlsprt2.181" value="16437fe727f" />
    <property name="evlsprt3.181" value="16" />
    <property name="evlsprt3.183" value="13" />
    <property name="file.chooser.recent.files" value="$USER_HOME$/dev/supplier-payments/src&#10;/Users/steverobinson-burns/dev/instant-pay/src&#10;/Users/steverobinson-burns/dev/previse-app/previse_app_models/_generated&#10;/Users/steverobinson-burns/dev/lib-py-core/bin/.venv/bin/python&#10;/usr/local/bin/pypy" />
    <property name="file.gist.reindex.count" value="286516" />
    <property name="fileTypeChangedCounter" value="15" />
    <property name="installed.kotlin.plugin.version" value="1.3.11-release-IJ2018.3-1" />
    <property name="jdk.selected.JAVA_MODULE" value="10" />
    <property name="jdk.selected.PYTHON_MODULE" value="Python 3.6 (previse-app)" />
    <property name="last.imported.location" value="$USER_HOME$/dev/bank-response-sync" />
    <property name="lastTip" value="15" />
    <property name="odps.studio.lastUpdateCheckTimestamp" value="1552906804673" />
    <property name="project.jdk.splitter" value="0.1982314" />
    <property name="project.wizard.group" value="cursive.leiningen.project.LeiningenModuleBuilder" />
    <property name="project.wizard.template" value="Python" />
    <property name="scala.last.updated" value="1549451218618" />
    <property name="settings.code.style.selected.tab.Scala" value="Wrapping and Braces" />
    <property name="show.vcs.annotation.aspect.Commit number" value="false" />
    <property name="show.vcs.annotation.aspect.Revision" value="true" />
    <property name="ts.lib.d.ts.version" value="3.2.1" />
  </component>
  <component name="PyCodeInsightSettings">
    <option name="RENAME_SEARCH_NON_CODE_FOR_FUNCTION" value="true" />
  </component>
  <component name="PyTestFrameworkService">
    <option name="SDK_TO_PYTEST">
      <map>
        <entry key="$USER_HOME$/dev/client-position-spike/.venv/bin/python" value="false" />
        <entry key="$USER_HOME$/dev/client-position-spike/venv/bin/python" value="false" />
        <entry key="$USER_HOME$/dev/lib-py-core/bin/.venv/bin/python" value="true" />
        <entry key="$USER_HOME$/dev/previse-app/.venv/bin/python" value="false" />
      </map>
    </option>
    <option name="SDK_TO_NOSETEST">
      <map>
        <entry key="$USER_HOME$/dev/lib-py-core/bin/.venv/bin/python" value="true" />
        <entry key="$USER_HOME$/dev/previse-app/.venv/bin/python" value="false" />
      </map>
    </option>
  </component>
  <component name="TeamCityHistory">
    <option name="HISTORY" value="https://teamcity.general.previsedigital.com&amp;^%$#@previsewatcher@#$%^&amp;http://buildserver&amp;^%$#@previsewatcher" />
  </component>
</application>